"Date","Open","Close","Change(Rp)","Change(%)","Volume"
"2022-12-30","2,820","2,700","120","4.65","629"
"2022-12-29","2,560","2,580","-20","0.76","65"
"2022-12-28","2,710","2,600","110","4.41","106"
"2022-12-27","2,380","2,490","-110","4.23","131"
"2022-12-26","2,510","2,600","-90","3.34","114"
"2022-12-23","2,860","2,690","170","6.74","238"
"2022-12-22","2,720","2,520","200","8.62","427"
"2022-12-21","2,380","2,320","60","2.65","72"
"2022-12-20","2,380","2,320","60","2.65","73"
"2022-12-19","2,220","2,260","-40","1.73","448"
"2022-12-16","2,430","2,300","130","5.99","184"
"2022-12-15","2,200","2,170","30","1.40","64"
"2022-12-14","2,130","2,140","-10","0.46","58"
"2022-12-13","2,170","2,150","20","0.93","201"
"2022-12-12","1,970","2,130","-160","6.98","369"
"2022-12-09","2,440","2,290","150","7.00","987"
"2022-12-08","1,980","2,140","-160","6.95","119"
"2022-12-07","2,130","2,300","-170","6.88","663"
"2022-12-06","2,290","2,470","-180","6.79","1,550"
"2022-12-05","2,900","2,650","250","10.41","2,002"
"2022-12-02","2,310","2,400","-90","3.61","78"
"2022-12-01","2,550","2,490","60","2.46","57"
"2022-11-30","2,560","2,430","130","5.65","1,922"
"2022-11-29","2,420","2,300","120","5.50","2,099"
"2022-11-25","2,340","2,180","160","7.92","774"
"2022-11-24","2,040","2,020","20","1.00","3,202"
"2022-11-23","1,950","2,000","-50","2.43","337"
"2022-11-22","2,060","2,050","10","0.49","40"
"2022-11-16","2,030","2,040","-10","0.48","1"
"2022-11-14","1,970","2,050","-80","3.75","17"
"2022-11-11","1,970","2,130","-160","6.98","426"
"2022-11-09","2,310","2,290","20","0.88","173"
"2022-11-08","2,260","2,270","-10","0.43","123"
"2022-11-07","2,250","2,280","-30","1.29","217"
"2022-11-04","2,280","2,310","-30","1.28","126"
"2022-11-03","2,320","2,340","-20","0.84","118"
"2022-11-02","2,340","2,360","-20","0.84","120"
"2022-11-01","2,360","2,380","-20","0.83","132"
"2022-10-31","2,410","2,400","10","0.41","127"
"2022-10-28","2,370","2,390","-20","0.82","197"
"2022-10-27","2,430","2,410","20","0.83","116"
"2022-10-26","2,380","2,390","-10","0.41","220"
"2022-10-25","2,420","2,400","20","0.84","4,543"
"2022-10-24","2,440","2,410","30","1.26","4,585"
"2022-10-21","2,400","2,380","20","0.84","5,432"
"2022-10-20","2,410","2,360","50","2.16","2,588"
"2022-10-19","2,290","2,310","-20","0.85","162"
"2022-10-18","2,390","2,330","60","2.64","214"
"2022-10-17","2,100","2,270","-170","6.96","376"
"2022-10-13","2,430","2,440","-10","0.40","148"
"2022-10-12","2,480","2,450","30","1.23","212"
"2022-10-11","2,410","2,420","-10","0.41","172"
"2022-10-10","2,400","2,430","-30","1.21","126"
"2022-10-07","2,440","2,460","-20","0.80","148"
"2022-10-05","2,500","2,480","20","0.81","136"
"2022-10-04","2,490","2,460","30","1.23","135"
"2022-10-03","2,410","2,430","-20","0.81","117"
"2022-09-30","2,440","2,450","-10","0.40","145"
"2022-09-29","2,490","2,460","30","1.23","123"
"2022-09-28","2,440","2,430","10","0.41","133"
"2022-09-27","2,410","2,420","-10","0.41","110"
"2022-09-26","2,400","2,430","-30","1.21","127"
"2022-09-23","2,450","2,460","-10","0.40","120"
"2022-09-22","2,460","2,470","-10","0.40","111"
"2022-09-21","2,520","2,480","40","1.63","137"
"2022-09-20","2,460","2,440","20","0.82","160"
"2022-09-19","2,410","2,420","-10","0.41","137"
"2022-09-16","2,350","2,430","-80","3.18","192"
"2022-09-15","2,520","2,510","10","0.40","165"
"2022-09-14","2,470","2,500","-30","1.18","126"
"2022-09-13","2,550","2,530","20","0.79","120"
"2022-09-12","2,520","2,510","10","0.40","125"
"2022-09-09","2,490","2,500","-10","0.39","131"
"2022-09-08","2,540","2,510","30","1.20","127"
"2022-09-07","2,430","2,480","-50","1.97","162"
"2022-09-06","2,560","2,530","30","1.20","142"
"2022-09-05","2,510","2,500","10","0.40","160"
"2022-09-02","2,520","2,490","30","1.21","142"
"2022-09-01","2,480","2,470","10","0.40","112"
"2022-08-31","2,420","2,460","-40","1.60","148"
"2022-08-30","2,550","2,500","50","2.04","197"
"2022-08-29","2,420","2,450","-30","1.20","108"
"2022-08-26","2,470","2,480","-10","0.40","182"
"2022-08-25","2,480","2,490","-10","0.40","187"
"2022-08-24","2,520","2,500","20","0.80","400"
"2022-08-22","2,470","2,480","-10","0.40","252"
"2022-08-19","2,480","2,490","-10","0.40","176"
"2022-08-18","2,510","2,500","10","0.40","309"
"2022-08-16","2,530","2,490","40","1.63","326"
"2022-08-15","2,420","2,450","-30","1.20","143"
"2022-08-12","2,470","2,480","-10","0.40","141"
"2022-08-11","2,540","2,490","50","2.04","250"
"2022-08-10","2,420","2,440","-20","0.81","207"
"2022-08-09","2,440","2,460","-20","0.80","205"
"2022-08-08","2,430","2,480","-50","1.97","143"
"2022-08-05","2,550","2,530","20","0.79","199"
"2022-08-04","2,480","2,510","-30","1.18","207"
"2022-08-03","2,530","2,540","-10","0.39","285"
"2022-08-02","2,590","2,550","40","1.59","1,495"
"2022-08-01","2,560","2,510","50","2.03","90"
"2022-07-29","2,520","2,460","60","2.50","102"
"2022-07-28","2,450","2,400","50","2.12","139"
"2022-07-27","2,370","2,350","20","0.85","99"
"2022-07-26","2,270","2,330","-60","2.51","60"
"2022-07-25","2,450","2,390","60","2.57","735"
"2022-07-22","2,320","2,330","-10","0.42","795"
"2022-07-21","2,300","2,340","-40","1.68","246"
"2022-07-20","2,400","2,380","20","0.84","79"
"2022-07-19","2,320","2,360","-40","1.66","142"
"2022-07-15","2,440","2,400","40","1.69","68"
"2022-07-14","2,380","2,360","20","0.85","23"
"2022-07-13","2,370","2,340","30","1.29","21"
"2022-07-12","2,300","2,310","-10","0.43","17"
"2022-07-11","2,290","2,320","-30","1.27","20"
"2022-07-08","2,300","2,350","-50","2.08","135"
"2022-07-07","2,270","2,400","-130","5.13","144"
"2022-07-06","2,940","2,530","410","19.33","1,275"
"2022-07-05","2,280","2,120","160","8.16","286"
"2022-07-04","1,975","1,960","15","0.77","33"
"2022-07-01","1,980","1,945","35","1.83","101"
"2022-06-30","2,080","1,910","170","9.77","271"
"2022-06-29","1,730","1,740","-10","0.57","12"
"2022-06-28","1,730","1,750","-20","1.12","16"
"2022-06-27","1,790","1,780","10","0.56","178"
"2022-06-24","1,790","1,770","20","1.14","20"
"2022-06-23","1,780","1,750","30","1.74","16"
"2022-06-22","1,700","1,720","-20","1.14","15"
"2022-06-21","1,770","1,740","30","1.75","20"
"2022-06-20","1,690","1,710","-20","1.15","24"
"2022-06-17","1,710","1,730","-20","1.14","31"
"2022-06-16","1,740","1,750","-10","0.56","11"
"2022-06-15","1,790","1,760","30","1.73","28"
"2022-06-14","1,710","1,730","-20","1.14","20"
"2022-06-13","1,720","1,750","-30","1.68","27"
"2022-06-10","1,760","1,780","-20","1.11","19"
"2022-06-09","1,780","1,800","-20","1.09","18"
"2022-06-08","1,830","1,820","10","0.55","21"
"2022-06-07","1,830","1,810","20","1.11","35"
"2022-06-06","1,810","1,790","20","1.12","21"
"2022-06-03","1,740","1,770","-30","1.66","41"
"2022-05-31","1,790","1,800","-10","0.55","84"
"2022-05-30","1,820","1,810","10","0.55","21"
"2022-05-27","1,810","1,800","10","0.55","30"
"2022-05-25","1,820","1,790","30","1.70","25"
"2022-05-24","1,720","1,760","-40","2.22","48"
"2022-05-23","1,820","1,800","20","1.12","15"
"2022-05-20","1,770","1,780","-10","0.55","16"
"2022-05-19","1,740","1,790","-50","2.71","46"
"2022-05-18","1,790","1,840","-50","2.64","41"
"2022-05-17","1,870","1,890","-20","1.04","15"
"2022-05-13","1,920","1,910","10","0.52","28"
"2022-05-12","1,855","1,900","-45","2.31","38"
"2022-05-11","2,110","1,945","165","9.26","1,736"
"2022-05-10","1,790","1,780","10","0.56","26"
"2022-05-09","1,780","1,770","10","0.56","30"
"2022-04-27","1,720","1,760","-40","2.22","32"
"2022-04-26","1,810","1,800","10","0.55","30"
"2022-04-22","1,760","1,790","-30","1.64","29"
"2022-04-21","1,840","1,820","20","1.11","35"
"2022-04-20","1,810","1,800","10","0.55","40"
"2022-04-19","1,800","1,790","10","0.56","23"
"2022-04-18","1,770","1,780","-10","0.55","10"
"2022-04-14","1,770","1,790","-20","1.10","29"
"2022-04-13","1,800","1,810","-10","0.54","1"
"2022-04-12","1,810","1,820","-10","0.54","11"
"2022-04-11","1,800","1,830","-30","1.61","58"
"2022-04-08","1,780","1,820","-40","2.15","880"
"2022-04-07","1,900","1,860","40","2.19","887"
"2022-04-06","1,790","1,820","-30","1.62","535"
"2022-04-05","1,870","1,850","20","1.09","56"
"2022-04-04","1,800","1,830","-30","1.61","76"
"2022-04-01","1,870","1,860","10","0.54","41"
"2022-03-31","1,870","1,850","20","1.09","42"
"2022-03-28","1,860","1,830","30","1.66","319"
"2022-03-25","1,760","1,800","-40","2.17","46"
"2022-03-24","1,880","1,840","40","2.22","73"
"2022-03-23","1,760","1,800","-40","2.17","55"
"2022-03-22","1,800","1,840","-40","2.12","59"
"2022-03-21","1,905","1,880","25","1.34","117"
"2022-03-18","1,890","1,855","35","1.92","187"
"2022-03-17","1,880","1,820","60","3.40","421"
"2022-03-16","1,820","1,760","60","3.52","75"
"2022-03-15","1,650","1,700","-50","2.85","87"
"2022-03-14","1,755","1,750","5","0.28","56"
"2022-03-11","1,750","1,745","5","0.28","76"
"2022-03-10","1,760","1,740","20","1.16","141"
"2022-03-09","1,680","1,700","-20","1.16","37"
"2022-03-08","1,740","1,720","20","1.17","37"
"2022-03-07","1,680","1,700","-20","1.16","66"
"2022-03-01","1,745","1,720","25","1.47","37"
"2022-02-25","1,625","1,695","-70","3.96","346"
"2022-02-24","1,700","1,765","-65","3.55","234"
"2022-02-23","1,820","1,830","-10","0.54","41"
"2022-02-22","1,865","1,840","25","1.37","36"
"2022-02-21","1,820","1,815","5","0.27","45"
"2022-02-18","1,785","1,810","-25","1.36","229"
"2022-02-17","1,825","1,830","-5","0.27","9"
"2022-02-16","1,815","1,835","-20","1.07","136"
"2022-02-15","1,825","1,855","-30","1.59","110"
"2022-02-14","1,845","1,885","-40","2.07","62"
"2022-02-10","1,915","1,925","-10","0.51","70"
"2022-02-08","1,940","1,935","5","0.25","80"
"2022-02-04","1,920","1,930","-10","0.51","88"
"2022-02-03","1,960","1,940","20","1.04","139"
"2022-01-31","1,910","1,920","-10","0.51","56"
"2022-01-28","1,955","1,930","25","1.31","48"
"2022-01-27","1,890","1,905","-15","0.78","78"
"2022-01-26","1,875","1,920","-45","2.29","154"
"2022-01-25","1,875","1,920","-45","2.29","74"
"2022-01-24","1,930","1,965","-35","1.75","540"
"2022-01-21","2,010","2,000","10","0.50","345"
"2022-01-20","1,985","1,990","-5","0.25","118"
"2022-01-19","2,020","1,995","25","1.26","83"
"2022-01-18","1,985","1,970","15","0.76","137"
"2022-01-17","1,910","1,955","-45","2.25","146"
"2022-01-14","1,980","2,000","-20","0.99","76"
"2022-01-13","1,980","2,020","-40","1.94","140"
"2022-01-11","2,130","2,060","70","3.51","1,504"
"2022-01-10","1,980","1,990","-10","0.50","68"
"2022-01-07","1,990","2,000","-10","0.49","26"
"2022-01-06","2,060","2,010","50","2.55","44"
"2022-01-05","1,830","1,960","-130","6.22","266"
"2022-01-04","1,940","2,090","-150","6.69","218"
"2022-01-03","2,080","2,240","-160","6.66","313"